inventory_id,quantity_available,reorder_level,last_updated
1,5,4,2026-03-29
2,36,4,2026-03-29
3,33,4,2026-03-29
4,30,4,2026-03-29
5,24,4,2026-03-29
6,14,4,2026-03-29
7,31,4,2026-03-29
8,27,4,2026-03-29
9,29,4,2026-03-29
10,25,4,2026-03-29
11,12,4,2026-03-29
12,26,4,2026-03-29
13,5,4,2026-03-29
14,25,4,2026-03-29
15,26,4,2026-03-29
16,30,4,2026-03-29
17,12,4,2026-03-29
18,17,4,2026-03-29
19,5,4,2026-03-29
20,23,4,2026-03-29
21,21,4,2026-03-29
22,28,4,2026-03-29
23,9,4,2026-03-29
24,30,4,2026-03-29
25,29,4,2026-03-29
26,9,4,2026-03-29
27,28,4,2026-03-29
28,32,4,2026-03-29
29,22,4,2026-03-29
30,8,4,2026-03-29
31,22,4,2026-03-29
32,11,4,2026-03-29
33,8,4,2026-03-29
34,23,4,2026-03-29
35,14,4,2026-03-29
36,20,4,2026-03-29
37,22,4,2026-03-29
38,32,4,2026-03-29
39,37,4,2026-03-29
40,25,4,2026-03-29
41,17,4,2026-03-29
42,28,4,2026-03-29
43,32,4,2026-03-29
44,6,4,2026-03-29
45,30,4,2026-03-29
46,18,4,2026-03-29
47,10,4,2026-03-29
48,8,4,2026-03-29
49,31,4,2026-03-29
50,33,4,2026-03-29
51,13,4,2026-03-29
52,23,4,2026-03-29
53,36,4,2026-03-29
54,8,4,2026-03-29
55,13,4,2026-03-29
56,15,4,2026-03-29
57,35,4,2026-03-29
58,31,4,2026-03-29
59,26,4,2026-03-29
60,23,4,2026-03-29
61,2,4,2026-03-29
62,21,4,2026-03-29
63,30,4,2026-03-29
64,20,4,2026-03-29
65,24,4,2026-03-29
66,35,4,2026-03-29
67,30,4,2026-03-29
68,12,4,2026-03-29
69,15,4,2026-03-29
70,15,4,2026-03-29
71,9,4,2026-03-29
72,18,4,2026-03-29
73,37,4,2026-03-29
74,36,4,2026-03-29
75,19,4,2026-03-29
76,33,4,2026-03-29
77,26,4,2026-03-29
78,33,4,2026-03-29
79,32,4,2026-03-29
80,13,4,2026-03-29
81,17,4,2026-03-29
82,20,4,2026-03-29
83,10,4,2026-03-29
84,16,4,2026-03-29
85,26,4,2026-03-29
86,10,4,2026-03-29
87,25,4,2026-03-29
88,20,4,2026-03-29
89,28,4,2026-03-29
90,21,4,2026-03-29
91,17,4,2026-03-29
92,6,4,2026-03-29
93,31,4,2026-03-29
94,29,4,2026-03-29
95,31,4,2026-03-29
96,38,4,2026-03-29
97,18,4,2026-03-29
98,29,4,2026-03-29
99,22,4,2026-03-29
100,26,4,2026-03-29
101,56,1,2026-03-29
102,39,2,2026-03-29
103,44,2,2026-03-29
104,16,1,2026-03-29
105,13,2,2026-03-29
106,65,1,2026-03-29
107,32,2,2026-03-29
108,49,2,2026-03-29
109,35,2,2026-03-29
110,62,1,2026-03-29
111,16,1,2026-03-29
112,35,2,2026-03-29
113,45,2,2026-03-29
114,8,1,2026-03-29
115,33,2,2026-03-29
116,36,1,2026-03-29
117,58,1,2026-03-29
118,22,1,2026-03-29
119,17,1,2026-03-29
120,60,2,2026-03-29
121,13,1,2026-03-29
122,0,1,2026-03-29
123,44,1,2026-03-29
124,49,2,2026-03-29
125,16,2,2026-03-29
126,41,2,2026-03-29
127,52,1,2026-03-29
128,14,1,2026-03-29
129,27,1,2026-03-29
130,32,2,2026-03-29
131,22,1,2026-03-29
132,8,2,2026-03-29
133,37,2,2026-03-29
134,28,1,2026-03-29
135,38,1,2026-03-29
136,43,1,2026-03-29
137,9,2,2026-03-29
138,53,2,2026-03-29
139,11,1,2026-03-29
140,20,2,2026-03-29
141,31,4,2026-03-29
142,10,4,2026-03-29
143,21,4,2026-03-29
144,19,4,2026-03-29
145,32,4,2026-03-29
146,28,4,2026-03-29
147,19,4,2026-03-29
148,36,4,2026-03-29
149,7,4,2026-03-29
150,26,4,2026-03-29
151,31,4,2026-03-29
152,28,4,2026-03-29
153,30,4,2026-03-29
154,17,4,2026-03-29
155,5,4,2026-03-29
156,23,4,2026-03-29
157,37,4,2026-03-29
158,9,4,2026-03-29
159,18,4,2026-03-29
160,36,4,2026-03-29
161,20,2,2026-03-29
162,57,1,2026-03-29
163,22,2,2026-03-29
164,22,2,2026-03-29
165,56,2,2026-03-29
166,14,2,2026-03-29
167,47,1,2026-03-29
168,65,1,2026-03-29
169,39,2,2026-03-29
170,50,1,2026-03-29
171,46,1,2026-03-29
172,33,1,2026-03-29
173,21,1,2026-03-29
174,46,1,2026-03-29
175,34,1,2026-03-29
176,53,1,2026-03-29
177,19,2,2026-03-29
178,36,2,2026-03-29
179,54,1,2026-03-29
180,13,1,2026-03-29
181,29,1,2026-03-29
182,19,2,2026-03-29
183,1,2,2026-03-29
184,61,2,2026-03-29
185,29,2,2026-03-29
186,18,1,2026-03-29
187,8,1,2026-03-29
188,25,1,2026-03-29
189,30,2,2026-03-29
190,64,1,2026-03-29
191,43,1,2026-03-29
192,32,2,2026-03-29
193,57,2,2026-03-29
194,60,2,2026-03-29
195,13,1,2026-03-29
196,53,2,2026-03-29
197,20,2,2026-03-29
198,42,2,2026-03-29
199,20,2,2026-03-29
200,31,2,2026-03-29
201,9,2,2026-03-29
202,23,2,2026-03-29
203,10,2,2026-03-29
204,10,2,2026-03-29
205,12,1,2026-03-29
206,24,1,2026-03-29
207,55,1,2026-03-29
208,65,2,2026-03-29
209,31,2,2026-03-29
210,29,1,2026-03-29
211,24,2,2026-03-29
212,25,2,2026-03-29
213,8,1,2026-03-29
214,9,1,2026-03-29
215,14,2,2026-03-29
216,53,2,2026-03-29
217,57,2,2026-03-29
218,58,2,2026-03-29
219,35,2,2026-03-29
220,16,2,2026-03-29
221,19,1,2026-03-29
222,59,2,2026-03-29
223,60,1,2026-03-29
224,46,1,2026-03-29
225,28,2,2026-03-29
226,37,2,2026-03-29
227,58,1,2026-03-29
228,40,1,2026-03-29
229,33,1,2026-03-29
230,23,2,2026-03-29
231,12,1,2026-03-29
232,38,2,2026-03-29
233,18,2,2026-03-29
234,64,1,2026-03-29
235,12,2,2026-03-29
236,47,1,2026-03-29
237,21,1,2026-03-29
238,34,2,2026-03-29
239,53,2,2026-03-29
240,19,1,2026-03-29
241,13,4,2026-03-29
242,31,4,2026-03-29
243,34,4,2026-03-29
244,20,4,2026-03-29
245,12,4,2026-03-29
246,23,4,2026-03-29
247,23,4,2026-03-29
248,22,4,2026-03-29
249,22,4,2026-03-29
250,28,4,2026-03-29
251,21,4,2026-03-29
252,21,4,2026-03-29
253,17,4,2026-03-29
254,33,4,2026-03-29
255,20,4,2026-03-29
256,16,4,2026-03-29
257,20,4,2026-03-29
258,20,4,2026-03-29
259,14,4,2026-03-29
260,23,4,2026-03-29
261,17,4,2026-03-29
262,25,4,2026-03-29
263,9,4,2026-03-29
264,30,4,2026-03-29
265,21,4,2026-03-29
266,20,4,2026-03-29
267,37,4,2026-03-29
268,38,4,2026-03-29
269,19,4,2026-03-29
270,11,4,2026-03-29
271,34,4,2026-03-29
272,7,4,2026-03-29
273,11,4,2026-03-29
274,5,4,2026-03-29
275,35,4,2026-03-29
276,19,4,2026-03-29
277,33,4,2026-03-29
278,28,4,2026-03-29
279,7,4,2026-03-29
280,23,4,2026-03-29
281,19,4,2026-03-29
282,12,4,2026-03-29
283,8,4,2026-03-29
284,17,4,2026-03-29
285,17,4,2026-03-29
286,9,4,2026-03-29
287,28,4,2026-03-29
288,37,4,2026-03-29
289,16,4,2026-03-29
290,33,4,2026-03-29
291,21,4,2026-03-29
292,5,4,2026-03-29
293,11,4,2026-03-29
294,27,4,2026-03-29
295,18,4,2026-03-29
296,7,4,2026-03-29
297,28,4,2026-03-29
298,26,4,2026-03-29
299,14,4,2026-03-29
300,7,4,2026-03-29
301,2,4,2026-03-29
302,7,4,2026-03-29
303,18,4,2026-03-29
304,5,4,2026-03-29
305,25,4,2026-03-29
306,31,4,2026-03-29
307,28,4,2026-03-29
308,16,4,2026-03-29
309,24,4,2026-03-29
310,9,4,2026-03-29
311,18,4,2026-03-29
312,7,4,2026-03-29
313,36,4,2026-03-29
314,35,4,2026-03-29
315,9,4,2026-03-29
316,31,4,2026-03-29
317,11,4,2026-03-29
318,30,4,2026-03-29
319,14,4,2026-03-29
320,10,4,2026-03-29
321,15,4,2026-03-29
322,30,4,2026-03-29
323,22,4,2026-03-29
324,31,4,2026-03-29
325,23,4,2026-03-29
326,24,4,2026-03-29
327,31,4,2026-03-29
328,8,4,2026-03-29
329,24,4,2026-03-29
330,27,4,2026-03-29
331,31,4,2026-03-29
332,31,4,2026-03-29
333,6,4,2026-03-29
334,28,4,2026-03-29
335,17,4,2026-03-29
336,30,4,2026-03-29
337,30,4,2026-03-29
338,18,4,2026-03-29
339,5,4,2026-03-29
340,32,4,2026-03-29
341,65,1,2026-03-29
342,35,1,2026-03-29
343,60,1,2026-03-29
344,33,2,2026-03-29
345,37,1,2026-03-29
346,16,1,2026-03-29
347,11,1,2026-03-29
348,49,2,2026-03-29
349,13,2,2026-03-29
350,55,1,2026-03-29
351,17,2,2026-03-29
352,26,1,2026-03-29
353,41,1,2026-03-29
354,12,1,2026-03-29
355,32,2,2026-03-29
356,56,1,2026-03-29
357,27,1,2026-03-29
358,61,1,2026-03-29
359,38,2,2026-03-29
360,11,2,2026-03-29
361,13,1,2026-03-29
362,1,1,2026-03-29
363,47,1,2026-03-29
364,61,2,2026-03-29
365,19,1,2026-03-29
366,10,2,2026-03-29
367,41,1,2026-03-29
368,32,2,2026-03-29
369,15,1,2026-03-29
370,23,1,2026-03-29
371,10,1,2026-03-29
372,50,2,2026-03-29
373,15,2,2026-03-29
374,46,2,2026-03-29
375,43,2,2026-03-29
376,49,2,2026-03-29
377,27,1,2026-03-29
378,35,2,2026-03-29
379,50,2,2026-03-29
380,36,2,2026-03-29
381,16,4,2026-03-29
382,6,4,2026-03-29
383,5,4,2026-03-29
384,36,4,2026-03-29
385,34,4,2026-03-29
386,20,4,2026-03-29
387,33,4,2026-03-29
388,34,4,2026-03-29
389,16,4,2026-03-29
390,35,4,2026-03-29
391,30,4,2026-03-29
392,11,4,2026-03-29
393,9,4,2026-03-29
394,13,4,2026-03-29
395,27,4,2026-03-29
396,32,4,2026-03-29
397,28,4,2026-03-29
398,10,4,2026-03-29
399,33,4,2026-03-29
400,37,4,2026-03-29
401,40,1,2026-03-29
402,10,1,2026-03-29
403,13,2,2026-03-29
404,57,1,2026-03-29
405,11,2,2026-03-29
406,49,1,2026-03-29
407,9,1,2026-03-29
408,47,1,2026-03-29
409,20,1,2026-03-29
410,64,2,2026-03-29
411,26,1,2026-03-29
412,51,1,2026-03-29
413,12,2,2026-03-29
414,47,2,2026-03-29
415,18,2,2026-03-29
416,65,2,2026-03-29
417,65,2,2026-03-29
418,17,2,2026-03-29
419,40,2,2026-03-29
420,21,2,2026-03-29
421,47,1,2026-03-29
422,28,2,2026-03-29
423,0,1,2026-03-29
424,33,1,2026-03-29
425,48,2,2026-03-29
426,51,2,2026-03-29
427,65,2,2026-03-29
428,18,2,2026-03-29
429,15,1,2026-03-29
430,48,2,2026-03-29
431,63,2,2026-03-29
432,43,1,2026-03-29
433,24,2,2026-03-29
434,55,2,2026-03-29
435,24,2,2026-03-29
436,31,1,2026-03-29
437,31,2,2026-03-29
438,56,1,2026-03-29
439,36,1,2026-03-29
440,19,1,2026-03-29
441,26,2,2026-03-29
442,27,2,2026-03-29
443,54,1,2026-03-29
444,55,1,2026-03-29
445,22,1,2026-03-29
446,26,2,2026-03-29
447,34,2,2026-03-29
448,65,1,2026-03-29
449,16,2,2026-03-29
450,22,1,2026-03-29
451,9,1,2026-03-29
452,8,2,2026-03-29
453,27,1,2026-03-29
454,41,2,2026-03-29
455,42,1,2026-03-29
456,34,2,2026-03-29
457,45,1,2026-03-29
458,21,2,2026-03-29
459,47,2,2026-03-29
460,18,1,2026-03-29
461,8,1,2026-03-29
462,53,1,2026-03-29
463,36,1,2026-03-29
464,12,1,2026-03-29
465,63,2,2026-03-29
466,33,2,2026-03-29
467,8,1,2026-03-29
468,49,2,2026-03-29
469,46,2,2026-03-29
470,46,2,2026-03-29
471,23,1,2026-03-29
472,65,1,2026-03-29
473,10,1,2026-03-29
474,42,1,2026-03-29
475,33,1,2026-03-29
476,23,1,2026-03-29
477,11,1,2026-03-29
478,8,1,2026-03-29
479,17,2,2026-03-29
480,20,2,2026-03-29
481,16,4,2026-03-29
482,37,4,2026-03-29
483,24,4,2026-03-29
484,9,4,2026-03-29
485,24,4,2026-03-29
486,8,4,2026-03-29
487,35,4,2026-03-29
488,5,4,2026-03-29
489,29,4,2026-03-29
490,32,4,2026-03-29
491,34,4,2026-03-29
492,10,4,2026-03-29
493,33,4,2026-03-29
494,16,4,2026-03-29
495,19,4,2026-03-29
496,11,4,2026-03-29
497,21,4,2026-03-29
498,19,4,2026-03-29
499,7,4,2026-03-29
500,12,4,2026-03-29
501,26,4,2026-03-29
502,21,4,2026-03-29
503,8,4,2026-03-29
504,22,4,2026-03-29
505,32,4,2026-03-29
506,38,4,2026-03-29
507,21,4,2026-03-29
508,23,4,2026-03-29
509,18,4,2026-03-29
510,10,4,2026-03-29
511,37,4,2026-03-29
512,5,4,2026-03-29
513,15,4,2026-03-29
514,21,4,2026-03-29
515,20,4,2026-03-29
516,17,4,2026-03-29
517,15,4,2026-03-29
518,25,4,2026-03-29
519,17,4,2026-03-29
520,29,4,2026-03-29
521,26,4,2026-03-29
522,20,4,2026-03-29
523,29,4,2026-03-29
524,35,4,2026-03-29
525,35,4,2026-03-29
526,38,4,2026-03-29
527,5,4,2026-03-29
528,6,4,2026-03-29
529,32,4,2026-03-29
530,19,4,2026-03-29
531,24,4,2026-03-29
532,18,4,2026-03-29
533,30,4,2026-03-29
534,9,4,2026-03-29
535,15,4,2026-03-29
536,14,4,2026-03-29
537,7,4,2026-03-29
538,6,4,2026-03-29
539,12,4,2026-03-29
540,11,4,2026-03-29
541,2,4,2026-03-29
542,14,4,2026-03-29
543,6,4,2026-03-29
544,6,4,2026-03-29
545,7,4,2026-03-29
546,13,4,2026-03-29
547,7,4,2026-03-29
548,9,4,2026-03-29
549,7,4,2026-03-29
550,9,4,2026-03-29
551,28,4,2026-03-29
552,17,4,2026-03-29
553,9,4,2026-03-29
554,29,4,2026-03-29
555,11,4,2026-03-29
556,20,4,2026-03-29
557,18,4,2026-03-29
558,18,4,2026-03-29
559,12,4,2026-03-29
560,7,4,2026-03-29
561,7,4,2026-03-29
562,10,4,2026-03-29
563,23,4,2026-03-29
564,35,4,2026-03-29
565,11,4,2026-03-29
566,13,4,2026-03-29
567,11,4,2026-03-29
568,18,4,2026-03-29
569,23,4,2026-03-29
570,25,4,2026-03-29
571,26,4,2026-03-29
572,32,4,2026-03-29
573,21,4,2026-03-29
574,6,4,2026-03-29
575,27,4,2026-03-29
576,21,4,2026-03-29
577,23,4,2026-03-29
578,8,4,2026-03-29
579,28,4,2026-03-29
580,25,4,2026-03-29
581,57,2,2026-03-29
582,62,2,2026-03-29
583,47,1,2026-03-29
584,58,2,2026-03-29
585,9,2,2026-03-29
586,41,1,2026-03-29
587,30,2,2026-03-29
588,53,1,2026-03-29
589,42,1,2026-03-29
590,53,1,2026-03-29
591,44,2,2026-03-29
592,18,2,2026-03-29
593,8,1,2026-03-29
594,26,1,2026-03-29
595,8,2,2026-03-29
596,39,1,2026-03-29
597,39,1,2026-03-29
598,39,2,2026-03-29
599,61,2,2026-03-29
600,44,1,2026-03-29
601,26,1,2026-03-29
602,1,1,2026-03-29
603,18,1,2026-03-29
604,48,1,2026-03-29
605,39,1,2026-03-29
606,48,2,2026-03-29
607,30,1,2026-03-29
608,33,2,2026-03-29
609,65,1,2026-03-29
610,35,1,2026-03-29
611,31,1,2026-03-29
612,27,2,2026-03-29
613,35,1,2026-03-29
614,32,1,2026-03-29
615,37,1,2026-03-29
616,42,1,2026-03-29
617,30,2,2026-03-29
618,41,1,2026-03-29
619,63,2,2026-03-29
620,50,2,2026-03-29
621,15,4,2026-03-29
622,34,4,2026-03-29
623,33,4,2026-03-29
624,21,4,2026-03-29
625,19,4,2026-03-29
626,13,4,2026-03-29
627,26,4,2026-03-29
628,34,4,2026-03-29
629,20,4,2026-03-29
630,37,4,2026-03-29
631,17,4,2026-03-29
632,22,4,2026-03-29
633,24,4,2026-03-29
634,14,4,2026-03-29
635,14,4,2026-03-29
636,20,4,2026-03-29
637,25,4,2026-03-29
638,38,4,2026-03-29
639,27,4,2026-03-29
640,15,4,2026-03-29
641,23,2,2026-03-29
642,20,2,2026-03-29
643,54,1,2026-03-29
644,18,1,2026-03-29
645,20,2,2026-03-29
646,17,1,2026-03-29
647,58,2,2026-03-29
648,54,2,2026-03-29
649,35,2,2026-03-29
650,20,1,2026-03-29
651,48,1,2026-03-29
652,25,1,2026-03-29
653,64,2,2026-03-29
654,37,1,2026-03-29
655,8,2,2026-03-29
656,62,2,2026-03-29
657,52,1,2026-03-29
658,40,2,2026-03-29
659,37,1,2026-03-29
660,17,2,2026-03-29
661,46,2,2026-03-29
662,8,1,2026-03-29
663,1,2,2026-03-29
664,62,1,2026-03-29
665,50,1,2026-03-29
666,51,1,2026-03-29
667,49,1,2026-03-29
668,37,2,2026-03-29
669,28,2,2026-03-29
670,48,1,2026-03-29
671,65,2,2026-03-29
672,23,2,2026-03-29
673,53,1,2026-03-29
674,24,2,2026-03-29
675,38,2,2026-03-29
676,9,2,2026-03-29
677,41,1,2026-03-29
678,65,2,2026-03-29
679,57,1,2026-03-29
680,32,2,2026-03-29
681,14,1,2026-03-29
682,24,1,2026-03-29
683,18,1,2026-03-29
684,41,2,2026-03-29
685,14,2,2026-03-29
686,42,1,2026-03-29
687,53,2,2026-03-29
688,40,1,2026-03-29
689,48,2,2026-03-29
690,41,2,2026-03-29
691,34,2,2026-03-29
692,21,1,2026-03-29
693,33,1,2026-03-29
694,54,2,2026-03-29
695,48,1,2026-03-29
696,24,2,2026-03-29
697,32,2,2026-03-29
698,11,1,2026-03-29
699,12,2,2026-03-29
700,34,2,2026-03-29
701,45,2,2026-03-29
702,14,1,2026-03-29
703,27,2,2026-03-29
704,41,1,2026-03-29
705,59,2,2026-03-29
706,37,1,2026-03-29
707,18,1,2026-03-29
708,57,1,2026-03-29
709,59,1,2026-03-29
710,38,1,2026-03-29
711,60,1,2026-03-29
712,30,2,2026-03-29
713,37,2,2026-03-29
714,56,1,2026-03-29
715,57,2,2026-03-29
716,30,1,2026-03-29
717,25,2,2026-03-29
718,51,2,2026-03-29
719,35,1,2026-03-29
720,38,1,2026-03-29
721,22,4,2026-03-29
722,27,4,2026-03-29
723,20,4,2026-03-29
724,24,4,2026-03-29
725,25,4,2026-03-29
726,35,4,2026-03-29
727,36,4,2026-03-29
728,32,4,2026-03-29
729,10,4,2026-03-29
730,28,4,2026-03-29
731,14,4,2026-03-29
732,24,4,2026-03-29
733,29,4,2026-03-29
734,8,4,2026-03-29
735,10,4,2026-03-29
736,25,4,2026-03-29
737,13,4,2026-03-29
738,38,4,2026-03-29
739,27,4,2026-03-29
740,5,4,2026-03-29
741,5,4,2026-03-29
742,18,4,2026-03-29
743,9,4,2026-03-29
744,23,4,2026-03-29
745,21,4,2026-03-29
746,11,4,2026-03-29
747,14,4,2026-03-29
748,19,4,2026-03-29
749,16,4,2026-03-29
750,33,4,2026-03-29
751,27,4,2026-03-29
752,14,4,2026-03-29
753,18,4,2026-03-29
754,30,4,2026-03-29
755,15,4,2026-03-29
756,10,4,2026-03-29
757,24,4,2026-03-29
758,17,4,2026-03-29
759,36,4,2026-03-29
760,18,4,2026-03-29
761,38,4,2026-03-29
762,10,4,2026-03-29
763,33,4,2026-03-29
764,12,4,2026-03-29
765,12,4,2026-03-29
766,21,4,2026-03-29
767,31,4,2026-03-29
768,19,4,2026-03-29
769,13,4,2026-03-29
770,35,4,2026-03-29
771,36,4,2026-03-29
772,8,4,2026-03-29
773,35,4,2026-03-29
774,34,4,2026-03-29
775,14,4,2026-03-29
776,36,4,2026-03-29
777,20,4,2026-03-29
778,36,4,2026-03-29
779,15,4,2026-03-29
780,5,4,2026-03-29
781,2,4,2026-03-29
782,34,4,2026-03-29
783,36,4,2026-03-29
784,23,4,2026-03-29
785,34,4,2026-03-29
786,28,4,2026-03-29
787,32,4,2026-03-29
788,31,4,2026-03-29
789,9,4,2026-03-29
790,16,4,2026-03-29
791,28,4,2026-03-29
792,6,4,2026-03-29
793,6,4,2026-03-29
794,7,4,2026-03-29
795,26,4,2026-03-29
796,11,4,2026-03-29
797,37,4,2026-03-29
798,35,4,2026-03-29
799,36,4,2026-03-29
800,14,4,2026-03-29
801,7,4,2026-03-29
802,18,4,2026-03-29
803,31,4,2026-03-29
804,13,4,2026-03-29
805,26,4,2026-03-29
806,11,4,2026-03-29
807,28,4,2026-03-29
808,26,4,2026-03-29
809,35,4,2026-03-29
810,38,4,2026-03-29
811,18,4,2026-03-29
812,23,4,2026-03-29
813,32,4,2026-03-29
814,26,4,2026-03-29
815,32,4,2026-03-29
816,21,4,2026-03-29
817,8,4,2026-03-29
818,23,4,2026-03-29
819,23,4,2026-03-29
820,27,4,2026-03-29
821,60,2,2026-03-29
822,33,2,2026-03-29
823,40,2,2026-03-29
824,63,2,2026-03-29
825,21,2,2026-03-29
826,58,1,2026-03-29
827,29,1,2026-03-29
828,28,2,2026-03-29
829,16,1,2026-03-29
830,58,1,2026-03-29
831,33,2,2026-03-29
832,42,1,2026-03-29
833,33,2,2026-03-29
834,14,1,2026-03-29
835,10,1,2026-03-29
836,60,2,2026-03-29
837,46,1,2026-03-29
838,58,2,2026-03-29
839,47,1,2026-03-29
840,48,1,2026-03-29
841,21,1,2026-03-29
842,0,2,2026-03-29
843,14,1,2026-03-29
844,63,1,2026-03-29
845,34,1,2026-03-29
846,49,1,2026-03-29
847,31,1,2026-03-29
848,58,2,2026-03-29
849,43,2,2026-03-29
850,63,2,2026-03-29
851,19,2,2026-03-29
852,10,2,2026-03-29
853,9,2,2026-03-29
854,44,1,2026-03-29
855,39,1,2026-03-29
856,60,1,2026-03-29
857,57,2,2026-03-29
858,44,2,2026-03-29
859,36,1,2026-03-29
860,8,2,2026-03-29
861,14,4,2026-03-29
862,35,4,2026-03-29
863,31,4,2026-03-29
864,11,4,2026-03-29
865,10,4,2026-03-29
866,35,4,2026-03-29
867,18,4,2026-03-29
868,14,4,2026-03-29
869,5,4,2026-03-29
870,32,4,2026-03-29
871,5,4,2026-03-29
872,5,4,2026-03-29
873,12,4,2026-03-29
874,10,4,2026-03-29
875,18,4,2026-03-29
876,12,4,2026-03-29
877,13,4,2026-03-29
878,35,4,2026-03-29
879,6,4,2026-03-29
880,22,4,2026-03-29
881,54,1,2026-03-29
882,36,1,2026-03-29
883,11,2,2026-03-29
884,57,1,2026-03-29
885,54,1,2026-03-29
886,26,2,2026-03-29
887,37,2,2026-03-29
888,11,1,2026-03-29
889,8,1,2026-03-29
890,8,1,2026-03-29
891,32,2,2026-03-29
892,27,1,2026-03-29
893,63,2,2026-03-29
894,46,1,2026-03-29
895,28,2,2026-03-29
896,44,2,2026-03-29
897,38,1,2026-03-29
898,17,1,2026-03-29
899,31,1,2026-03-29
900,48,2,2026-03-29
901,38,2,2026-03-29
902,57,2,2026-03-29
903,1,2,2026-03-29
904,25,1,2026-03-29
905,47,2,2026-03-29
906,63,1,2026-03-29
907,61,1,2026-03-29
908,46,2,2026-03-29
909,45,2,2026-03-29
910,64,1,2026-03-29
911,32,2,2026-03-29
912,51,2,2026-03-29
913,46,1,2026-03-29
914,59,2,2026-03-29
915,26,1,2026-03-29
916,28,2,2026-03-29
917,25,2,2026-03-29
918,18,1,2026-03-29
919,26,1,2026-03-29
920,59,1,2026-03-29
921,25,2,2026-03-29
922,30,1,2026-03-29
923,42,2,2026-03-29
924,59,2,2026-03-29
925,20,1,2026-03-29
926,27,1,2026-03-29
927,51,2,2026-03-29
928,37,1,2026-03-29
929,24,1,2026-03-29
930,58,2,2026-03-29
931,37,1,2026-03-29
932,42,2,2026-03-29
933,57,1,2026-03-29
934,22,2,2026-03-29
935,45,2,2026-03-29
936,64,2,2026-03-29
937,38,1,2026-03-29
938,20,1,2026-03-29
939,20,1,2026-03-29
940,19,2,2026-03-29
941,31,2,2026-03-29
942,33,1,2026-03-29
943,23,1,2026-03-29
944,39,2,2026-03-29
945,63,1,2026-03-29
946,31,2,2026-03-29
947,58,1,2026-03-29
948,17,2,2026-03-29
949,46,1,2026-03-29
950,30,2,2026-03-29
951,41,1,2026-03-29
952,14,1,2026-03-29
953,21,2,2026-03-29
954,45,1,2026-03-29
955,24,2,2026-03-29
956,35,1,2026-03-29
957,36,1,2026-03-29
958,24,1,2026-03-29
959,29,1,2026-03-29
960,19,2,2026-03-29
961,10,4,2026-03-29
962,6,4,2026-03-29
963,8,4,2026-03-29
964,7,4,2026-03-29
965,28,4,2026-03-29
966,34,4,2026-03-29
967,36,4,2026-03-29
968,9,4,2026-03-29
969,30,4,2026-03-29
970,12,4,2026-03-29
971,10,4,2026-03-29
972,21,4,2026-03-29
973,25,4,2026-03-29
974,19,4,2026-03-29
975,10,4,2026-03-29
976,37,4,2026-03-29
977,30,4,2026-03-29
978,16,4,2026-03-29
979,33,4,2026-03-29
980,15,4,2026-03-29
981,28,4,2026-03-29
982,20,4,2026-03-29
983,19,4,2026-03-29
984,16,4,2026-03-29
985,7,4,2026-03-29
986,21,4,2026-03-29
987,27,4,2026-03-29
988,8,4,2026-03-29
989,6,4,2026-03-29
990,8,4,2026-03-29
991,21,4,2026-03-29
992,37,4,2026-03-29
993,35,4,2026-03-29
994,8,4,2026-03-29
995,11,4,2026-03-29
996,14,4,2026-03-29
997,25,4,2026-03-29
998,5,4,2026-03-29
999,17,4,2026-03-29
1000,24,4,2026-03-29
1001,33,4,2026-03-29
1002,11,4,2026-03-29
1003,35,4,2026-03-29
1004,25,4,2026-03-29
1005,28,4,2026-03-29
1006,21,4,2026-03-29
1007,29,4,2026-03-29
1008,12,4,2026-03-29
1009,28,4,2026-03-29
1010,35,4,2026-03-29
1011,29,4,2026-03-29
1012,15,4,2026-03-29
1013,33,4,2026-03-29
1014,20,4,2026-03-29
1015,14,4,2026-03-29
1016,5,4,2026-03-29
1017,34,4,2026-03-29
1018,17,4,2026-03-29
1019,7,4,2026-03-29
1020,15,4,2026-03-29
1021,0,4,2026-03-29
1022,28,4,2026-03-29
1023,13,4,2026-03-29
1024,33,4,2026-03-29
1025,11,4,2026-03-29
1026,29,4,2026-03-29
1027,6,4,2026-03-29
1028,9,4,2026-03-29
1029,33,4,2026-03-29
1030,26,4,2026-03-29
1031,25,4,2026-03-29
1032,19,4,2026-03-29
1033,35,4,2026-03-29
1034,12,4,2026-03-29
1035,28,4,2026-03-29
1036,14,4,2026-03-29
1037,26,4,2026-03-29
1038,19,4,2026-03-29
1039,8,4,2026-03-29
1040,16,4,2026-03-29
1041,33,4,2026-03-29
1042,14,4,2026-03-29
1043,33,4,2026-03-29
1044,14,4,2026-03-29
1045,22,4,2026-03-29
1046,31,4,2026-03-29
1047,31,4,2026-03-29
1048,20,4,2026-03-29
1049,14,4,2026-03-29
1050,6,4,2026-03-29
1051,22,4,2026-03-29
1052,23,4,2026-03-29
1053,26,4,2026-03-29
1054,15,4,2026-03-29
1055,21,4,2026-03-29
1056,36,4,2026-03-29
1057,11,4,2026-03-29
1058,25,4,2026-03-29
1059,34,4,2026-03-29
1060,35,4,2026-03-29
1061,15,1,2026-03-29
1062,40,1,2026-03-29
1063,48,1,2026-03-29
1064,43,2,2026-03-29
1065,61,2,2026-03-29
1066,15,2,2026-03-29
1067,56,1,2026-03-29
1068,31,2,2026-03-29
1069,24,1,2026-03-29
1070,23,1,2026-03-29
1071,32,2,2026-03-29
1072,34,1,2026-03-29
1073,11,2,2026-03-29
1074,17,1,2026-03-29
1075,36,2,2026-03-29
1076,40,1,2026-03-29
1077,36,1,2026-03-29
1078,58,2,2026-03-29
1079,19,2,2026-03-29
1080,35,1,2026-03-29
1081,34,1,2026-03-29
1082,0,1,2026-03-29
1083,61,1,2026-03-29
1084,41,1,2026-03-29
1085,53,1,2026-03-29
1086,20,1,2026-03-29
1087,61,1,2026-03-29
1088,64,2,2026-03-29
1089,56,2,2026-03-29
1090,19,1,2026-03-29
1091,16,1,2026-03-29
1092,45,2,2026-03-29
1093,20,1,2026-03-29
1094,12,2,2026-03-29
1095,61,1,2026-03-29
1096,41,2,2026-03-29
1097,29,2,2026-03-29
1098,61,2,2026-03-29
1099,13,1,2026-03-29
1100,34,2,2026-03-29
1101,13,4,2026-03-29
1102,22,4,2026-03-29
1103,20,4,2026-03-29
1104,16,4,2026-03-29
1105,28,4,2026-03-29
1106,7,4,2026-03-29
1107,15,4,2026-03-29
1108,28,4,2026-03-29
1109,5,4,2026-03-29
1110,27,4,2026-03-29
1111,38,4,2026-03-29
1112,33,4,2026-03-29
1113,38,4,2026-03-29
1114,9,4,2026-03-29
1115,12,4,2026-03-29
1116,27,4,2026-03-29
1117,20,4,2026-03-29
1118,25,4,2026-03-29
1119,29,4,2026-03-29
1120,8,4,2026-03-29
1121,26,1,2026-03-29
1122,54,2,2026-03-29
1123,36,1,2026-03-29
1124,41,1,2026-03-29
1125,9,1,2026-03-29
1126,13,1,2026-03-29
1127,47,1,2026-03-29
1128,18,1,2026-03-29
1129,27,2,2026-03-29
1130,43,1,2026-03-29
1131,9,1,2026-03-29
1132,52,1,2026-03-29
1133,24,1,2026-03-29
1134,61,2,2026-03-29
1135,41,1,2026-03-29
1136,52,2,2026-03-29
1137,14,2,2026-03-29
1138,63,1,2026-03-29
1139,53,1,2026-03-29
1140,10,2,2026-03-29
1141,15,2,2026-03-29
1142,39,2,2026-03-29
1143,0,1,2026-03-29
1144,33,1,2026-03-29
1145,42,1,2026-03-29
1146,63,1,2026-03-29
1147,17,2,2026-03-29
1148,55,2,2026-03-29
1149,18,1,2026-03-29
1150,48,2,2026-03-29
1151,52,2,2026-03-29
1152,46,1,2026-03-29
1153,33,1,2026-03-29
1154,57,2,2026-03-29
1155,29,2,2026-03-29
1156,23,2,2026-03-29
1157,53,2,2026-03-29
1158,61,2,2026-03-29
1159,60,2,2026-03-29
1160,62,1,2026-03-29
1161,28,1,2026-03-29
1162,51,2,2026-03-29
1163,23,2,2026-03-29
1164,50,1,2026-03-29
1165,31,1,2026-03-29
1166,41,1,2026-03-29
1167,12,2,2026-03-29
1168,35,1,2026-03-29
1169,40,1,2026-03-29
1170,22,1,2026-03-29
1171,34,2,2026-03-29
1172,57,2,2026-03-29
1173,48,1,2026-03-29
1174,59,1,2026-03-29
1175,10,2,2026-03-29
1176,51,2,2026-03-29
1177,48,1,2026-03-29
1178,47,1,2026-03-29
1179,24,1,2026-03-29
1180,41,1,2026-03-29
1181,35,1,2026-03-29
1182,10,2,2026-03-29
1183,15,2,2026-03-29
1184,30,1,2026-03-29
1185,15,1,2026-03-29
1186,46,2,2026-03-29
1187,13,2,2026-03-29
1188,45,1,2026-03-29
1189,36,1,2026-03-29
1190,40,1,2026-03-29
1191,64,2,2026-03-29
1192,34,2,2026-03-29
1193,25,1,2026-03-29
1194,55,1,2026-03-29
1195,55,2,2026-03-29
1196,61,2,2026-03-29
1197,47,1,2026-03-29
1198,49,2,2026-03-29
1199,20,2,2026-03-29
1200,37,2,2026-03-29
1201,35,4,2026-03-29
1202,35,4,2026-03-29
1203,24,4,2026-03-29
1204,6,4,2026-03-29
1205,20,4,2026-03-29
1206,26,4,2026-03-29
1207,19,4,2026-03-29
1208,17,4,2026-03-29
1209,37,4,2026-03-29
1210,29,4,2026-03-29
1211,30,4,2026-03-29
1212,5,4,2026-03-29
1213,27,4,2026-03-29
1214,15,4,2026-03-29
1215,20,4,2026-03-29
1216,25,4,2026-03-29
1217,25,4,2026-03-29
1218,36,4,2026-03-29
1219,22,4,2026-03-29
1220,23,4,2026-03-29
1221,18,4,2026-03-29
1222,23,4,2026-03-29
1223,8,4,2026-03-29
1224,6,4,2026-03-29
1225,15,4,2026-03-29
1226,9,4,2026-03-29
1227,27,4,2026-03-29
1228,33,4,2026-03-29
1229,8,4,2026-03-29
1230,38,4,2026-03-29
1231,29,4,2026-03-29
1232,33,4,2026-03-29
1233,27,4,2026-03-29
1234,11,4,2026-03-29
1235,38,4,2026-03-29
1236,19,4,2026-03-29
1237,14,4,2026-03-29
1238,31,4,2026-03-29
1239,26,4,2026-03-29
1240,27,4,2026-03-29
1241,13,4,2026-03-29
1242,17,4,2026-03-29
1243,22,4,2026-03-29
1244,38,4,2026-03-29
1245,11,4,2026-03-29
1246,35,4,2026-03-29
1247,22,4,2026-03-29
1248,13,4,2026-03-29
1249,31,4,2026-03-29
1250,11,4,2026-03-29
1251,5,4,2026-03-29
1252,31,4,2026-03-29
1253,12,4,2026-03-29
1254,36,4,2026-03-29
1255,30,4,2026-03-29
1256,14,4,2026-03-29
1257,31,4,2026-03-29
1258,22,4,2026-03-29
1259,12,4,2026-03-29
1260,29,4,2026-03-29
1261,3,4,2026-03-29
1262,23,4,2026-03-29
1263,27,4,2026-03-29
1264,23,4,2026-03-29
1265,27,4,2026-03-29
1266,30,4,2026-03-29
1267,38,4,2026-03-29
1268,29,4,2026-03-29
1269,25,4,2026-03-29
1270,5,4,2026-03-29
1271,36,4,2026-03-29
1272,29,4,2026-03-29
1273,33,4,2026-03-29
1274,24,4,2026-03-29
1275,16,4,2026-03-29
1276,24,4,2026-03-29
1277,14,4,2026-03-29
1278,32,4,2026-03-29
1279,29,4,2026-03-29
1280,19,4,2026-03-29
1281,10,4,2026-03-29
1282,26,4,2026-03-29
1283,25,4,2026-03-29
1284,20,4,2026-03-29
1285,25,4,2026-03-29
1286,18,4,2026-03-29
1287,32,4,2026-03-29
1288,5,4,2026-03-29
1289,6,4,2026-03-29
1290,8,4,2026-03-29
1291,21,4,2026-03-29
1292,36,4,2026-03-29
1293,24,4,2026-03-29
1294,24,4,2026-03-29
1295,32,4,2026-03-29
1296,38,4,2026-03-29
1297,38,4,2026-03-29
1298,32,4,2026-03-29
1299,29,4,2026-03-29
1300,34,4,2026-03-29
1301,30,1,2026-03-29
1302,46,2,2026-03-29
1303,36,1,2026-03-29
1304,51,1,2026-03-29
1305,41,1,2026-03-29
1306,14,2,2026-03-29
1307,31,2,2026-03-29
1308,49,1,2026-03-29
1309,64,1,2026-03-29
1310,34,2,2026-03-29
1311,33,2,2026-03-29
1312,57,2,2026-03-29
1313,52,1,2026-03-29
1314,18,2,2026-03-29
1315,28,2,2026-03-29
1316,12,2,2026-03-29
1317,40,1,2026-03-29
1318,15,2,2026-03-29
1319,52,2,2026-03-29
1320,60,2,2026-03-29
1321,48,1,2026-03-29
1322,0,2,2026-03-29
1323,40,1,2026-03-29
1324,34,1,2026-03-29
1325,11,1,2026-03-29
1326,30,1,2026-03-29
1327,52,2,2026-03-29
1328,8,1,2026-03-29
1329,27,1,2026-03-29
1330,27,2,2026-03-29
1331,61,1,2026-03-29
1332,45,1,2026-03-29
1333,50,1,2026-03-29
1334,20,1,2026-03-29
1335,39,2,2026-03-29
1336,63,1,2026-03-29
1337,44,1,2026-03-29
1338,34,1,2026-03-29
1339,17,1,2026-03-29
1340,41,1,2026-03-29
1341,6,4,2026-03-29
1342,11,4,2026-03-29
1343,9,4,2026-03-29
1344,15,4,2026-03-29
1345,38,4,2026-03-29
1346,36,4,2026-03-29
1347,34,4,2026-03-29
1348,32,4,2026-03-29
1349,8,4,2026-03-29
1350,5,4,2026-03-29
1351,25,4,2026-03-29
1352,14,4,2026-03-29
1353,20,4,2026-03-29
1354,27,4,2026-03-29
1355,22,4,2026-03-29
1356,15,4,2026-03-29
1357,7,4,2026-03-29
1358,22,4,2026-03-29
1359,11,4,2026-03-29
1360,9,4,2026-03-29
1361,30,1,2026-03-29
1362,36,2,2026-03-29
1363,9,1,2026-03-29
1364,22,2,2026-03-29
1365,45,1,2026-03-29
1366,36,1,2026-03-29
1367,47,1,2026-03-29
1368,23,1,2026-03-29
1369,10,1,2026-03-29
1370,45,1,2026-03-29
1371,28,1,2026-03-29
1372,65,2,2026-03-29
1373,27,2,2026-03-29
1374,46,2,2026-03-29
1375,64,2,2026-03-29
1376,12,1,2026-03-29
1377,51,2,2026-03-29
1378,51,1,2026-03-29
1379,34,2,2026-03-29
1380,33,2,2026-03-29
1381,9,1,2026-03-29
1382,13,1,2026-03-29
1383,1,2,2026-03-29
1384,19,1,2026-03-29
1385,64,2,2026-03-29
1386,33,2,2026-03-29
1387,15,2,2026-03-29
1388,42,2,2026-03-29
1389,29,2,2026-03-29
1390,49,1,2026-03-29
1391,15,2,2026-03-29
1392,60,2,2026-03-29
1393,43,1,2026-03-29
1394,32,1,2026-03-29
1395,37,2,2026-03-29
1396,30,1,2026-03-29
1397,35,1,2026-03-29
1398,25,1,2026-03-29
1399,29,1,2026-03-29
1400,23,1,2026-03-29
1401,13,1,2026-03-29
1402,25,1,2026-03-29
1403,43,2,2026-03-29
1404,37,1,2026-03-29
1405,18,2,2026-03-29
1406,30,1,2026-03-29
1407,54,2,2026-03-29
1408,32,1,2026-03-29
1409,27,2,2026-03-29
1410,40,1,2026-03-29
1411,22,2,2026-03-29
1412,51,1,2026-03-29
1413,53,2,2026-03-29
1414,46,2,2026-03-29
1415,45,2,2026-03-29
1416,42,1,2026-03-29
1417,33,1,2026-03-29
1418,16,1,2026-03-29
1419,51,1,2026-03-29
1420,42,2,2026-03-29
1421,55,2,2026-03-29
1422,9,1,2026-03-29
1423,27,1,2026-03-29
1424,32,1,2026-03-29
1425,52,1,2026-03-29
1426,57,1,2026-03-29
1427,28,1,2026-03-29
1428,50,1,2026-03-29
1429,12,2,2026-03-29
1430,59,2,2026-03-29
1431,20,1,2026-03-29
1432,53,2,2026-03-29
1433,13,1,2026-03-29
1434,26,1,2026-03-29
1435,60,2,2026-03-29
1436,26,2,2026-03-29
1437,33,2,2026-03-29
1438,57,1,2026-03-29
1439,25,1,2026-03-29
1440,9,2,2026-03-29
1441,27,4,2026-03-29
1442,31,4,2026-03-29
1443,6,4,2026-03-29
1444,34,4,2026-03-29
1445,20,4,2026-03-29
1446,30,4,2026-03-29
1447,27,4,2026-03-29
1448,11,4,2026-03-29
1449,16,4,2026-03-29
1450,23,4,2026-03-29
1451,12,4,2026-03-29
1452,22,4,2026-03-29
1453,19,4,2026-03-29
1454,7,4,2026-03-29
1455,30,4,2026-03-29
1456,7,4,2026-03-29
1457,15,4,2026-03-29
1458,32,4,2026-03-29
1459,17,4,2026-03-29
1460,24,4,2026-03-29
1461,14,4,2026-03-29
1462,29,4,2026-03-29
1463,7,4,2026-03-29
1464,24,4,2026-03-29
1465,16,4,2026-03-29
1466,19,4,2026-03-29
1467,36,4,2026-03-29
1468,38,4,2026-03-29
1469,21,4,2026-03-29
1470,32,4,2026-03-29
1471,27,4,2026-03-29
1472,5,4,2026-03-29
1473,12,4,2026-03-29
1474,23,4,2026-03-29
1475,7,4,2026-03-29
1476,8,4,2026-03-29
1477,20,4,2026-03-29
1478,12,4,2026-03-29
1479,7,4,2026-03-29
1480,25,4,2026-03-29
1481,18,4,2026-03-29
1482,27,4,2026-03-29
1483,10,4,2026-03-29
1484,31,4,2026-03-29
1485,30,4,2026-03-29
1486,19,4,2026-03-29
1487,22,4,2026-03-29
1488,38,4,2026-03-29
1489,10,4,2026-03-29
1490,27,4,2026-03-29
1491,32,4,2026-03-29
1492,33,4,2026-03-29
1493,26,4,2026-03-29
1494,37,4,2026-03-29
1495,33,4,2026-03-29
1496,37,4,2026-03-29
1497,8,4,2026-03-29
1498,18,4,2026-03-29
1499,32,4,2026-03-29
1500,37,4,2026-03-29
1501,3,4,2026-03-29
1502,17,4,2026-03-29
1503,7,4,2026-03-29
1504,21,4,2026-03-29
1505,16,4,2026-03-29
1506,15,4,2026-03-29
1507,20,4,2026-03-29
1508,21,4,2026-03-29
1509,20,4,2026-03-29
1510,8,4,2026-03-29
1511,15,4,2026-03-29
1512,27,4,2026-03-29
1513,27,4,2026-03-29
1514,31,4,2026-03-29
1515,10,4,2026-03-29
1516,17,4,2026-03-29
1517,24,4,2026-03-29
1518,13,4,2026-03-29
1519,13,4,2026-03-29
1520,36,4,2026-03-29
1521,35,4,2026-03-29
1522,20,4,2026-03-29
1523,20,4,2026-03-29
1524,5,4,2026-03-29
1525,37,4,2026-03-29
1526,33,4,2026-03-29
1527,13,4,2026-03-29
1528,27,4,2026-03-29
1529,24,4,2026-03-29
1530,13,4,2026-03-29
1531,14,4,2026-03-29
1532,20,4,2026-03-29
1533,26,4,2026-03-29
1534,12,4,2026-03-29
1535,32,4,2026-03-29
1536,15,4,2026-03-29
1537,14,4,2026-03-29
1538,34,4,2026-03-29
1539,30,4,2026-03-29
1540,18,4,2026-03-29
1541,15,2,2026-03-29
1542,8,2,2026-03-29
1543,39,1,2026-03-29
1544,10,1,2026-03-29
1545,65,2,2026-03-29
1546,27,1,2026-03-29
1547,15,2,2026-03-29
1548,36,1,2026-03-29
1549,18,2,2026-03-29
1550,36,2,2026-03-29
1551,44,2,2026-03-29
1552,26,1,2026-03-29
1553,43,1,2026-03-29
1554,10,1,2026-03-29
1555,37,2,2026-03-29
1556,13,2,2026-03-29
1557,55,2,2026-03-29
1558,14,2,2026-03-29
1559,35,2,2026-03-29
1560,20,2,2026-03-29
1561,8,2,2026-03-29
1562,1,2,2026-03-29
1563,49,1,2026-03-29
1564,13,1,2026-03-29
1565,55,1,2026-03-29
1566,9,2,2026-03-29
1567,61,1,2026-03-29
1568,26,2,2026-03-29
1569,19,1,2026-03-29
1570,14,2,2026-03-29
1571,55,2,2026-03-29
1572,32,1,2026-03-29
1573,49,2,2026-03-29
1574,28,1,2026-03-29
1575,31,1,2026-03-29
1576,43,2,2026-03-29
1577,61,2,2026-03-29
1578,23,1,2026-03-29
1579,10,1,2026-03-29
1580,44,2,2026-03-29
1581,8,4,2026-03-29
1582,18,4,2026-03-29
1583,36,4,2026-03-29
1584,32,4,2026-03-29
1585,36,4,2026-03-29
1586,15,4,2026-03-29
1587,24,4,2026-03-29
1588,10,4,2026-03-29
1589,14,4,2026-03-29
1590,19,4,2026-03-29
1591,15,4,2026-03-29
1592,13,4,2026-03-29
1593,33,4,2026-03-29
1594,30,4,2026-03-29
1595,10,4,2026-03-29
1596,7,4,2026-03-29
1597,33,4,2026-03-29
1598,35,4,2026-03-29
1599,17,4,2026-03-29
1600,18,4,2026-03-29
1601,54,2,2026-03-29
1602,8,1,2026-03-29
1603,61,2,2026-03-29
1604,17,2,2026-03-29
1605,12,1,2026-03-29
1606,40,2,2026-03-29
1607,64,2,2026-03-29
1608,12,2,2026-03-29
1609,8,1,2026-03-29
1610,65,1,2026-03-29
1611,32,2,2026-03-29
1612,8,2,2026-03-29
1613,59,2,2026-03-29
1614,44,1,2026-03-29
1615,38,1,2026-03-29
1616,42,2,2026-03-29
1617,41,2,2026-03-29
1618,35,1,2026-03-29
1619,33,1,2026-03-29
1620,59,1,2026-03-29
1621,54,2,2026-03-29
1622,46,2,2026-03-29
1623,1,2,2026-03-29
1624,38,1,2026-03-29
1625,27,2,2026-03-29
1626,41,1,2026-03-29
1627,62,1,2026-03-29
1628,22,2,2026-03-29
1629,52,1,2026-03-29
1630,17,2,2026-03-29
1631,43,2,2026-03-29
1632,31,1,2026-03-29
1633,44,2,2026-03-29
1634,33,2,2026-03-29
1635,15,1,2026-03-29
1636,19,1,2026-03-29
1637,43,1,2026-03-29
1638,22,2,2026-03-29
1639,49,1,2026-03-29
1640,20,2,2026-03-29
1641,53,2,2026-03-29
1642,22,2,2026-03-29
1643,22,1,2026-03-29
1644,55,1,2026-03-29
1645,62,2,2026-03-29
1646,51,1,2026-03-29
1647,59,2,2026-03-29
1648,16,1,2026-03-29
1649,48,1,2026-03-29
1650,37,2,2026-03-29
1651,42,1,2026-03-29
1652,20,2,2026-03-29
1653,57,1,2026-03-29
1654,16,2,2026-03-29
1655,57,1,2026-03-29
1656,33,1,2026-03-29
1657,11,2,2026-03-29
1658,10,1,2026-03-29
1659,52,1,2026-03-29
1660,37,2,2026-03-29
1661,15,1,2026-03-29
1662,35,1,2026-03-29
1663,47,1,2026-03-29
1664,44,1,2026-03-29
1665,54,2,2026-03-29
1666,18,2,2026-03-29
1667,55,2,2026-03-29
1668,59,1,2026-03-29
1669,60,2,2026-03-29
1670,15,1,2026-03-29
1671,31,2,2026-03-29
1672,54,2,2026-03-29
1673,10,2,2026-03-29
1674,14,2,2026-03-29
1675,43,2,2026-03-29
1676,59,1,2026-03-29
1677,10,1,2026-03-29
1678,24,2,2026-03-29
1679,20,2,2026-03-29
1680,9,2,2026-03-29
1681,12,4,2026-03-29
1682,6,4,2026-03-29
1683,36,4,2026-03-29
1684,12,4,2026-03-29
1685,9,4,2026-03-29
1686,21,4,2026-03-29
1687,16,4,2026-03-29
1688,14,4,2026-03-29
1689,23,4,2026-03-29
1690,29,4,2026-03-29
1691,14,4,2026-03-29
1692,21,4,2026-03-29
1693,22,4,2026-03-29
1694,33,4,2026-03-29
1695,5,4,2026-03-29
1696,6,4,2026-03-29
1697,26,4,2026-03-29
1698,14,4,2026-03-29
1699,36,4,2026-03-29
1700,37,4,2026-03-29
1701,35,4,2026-03-29
1702,7,4,2026-03-29
1703,7,4,2026-03-29
1704,9,4,2026-03-29
1705,16,4,2026-03-29
1706,30,4,2026-03-29
1707,35,4,2026-03-29
1708,15,4,2026-03-29
1709,33,4,2026-03-29
1710,30,4,2026-03-29
1711,19,4,2026-03-29
1712,38,4,2026-03-29
1713,9,4,2026-03-29
1714,28,4,2026-03-29
1715,26,4,2026-03-29
1716,38,4,2026-03-29
1717,18,4,2026-03-29
1718,24,4,2026-03-29
1719,13,4,2026-03-29
1720,7,4,2026-03-29
1721,18,4,2026-03-29
1722,15,4,2026-03-29
1723,28,4,2026-03-29
1724,34,4,2026-03-29
1725,26,4,2026-03-29
1726,34,4,2026-03-29
1727,29,4,2026-03-29
1728,27,4,2026-03-29
1729,25,4,2026-03-29
1730,5,4,2026-03-29
1731,26,4,2026-03-29
1732,35,4,2026-03-29
1733,26,4,2026-03-29
1734,19,4,2026-03-29
1735,6,4,2026-03-29
1736,20,4,2026-03-29
1737,34,4,2026-03-29
1738,7,4,2026-03-29
1739,14,4,2026-03-29
1740,14,4,2026-03-29
1741,3,4,2026-03-29
1742,22,4,2026-03-29
1743,9,4,2026-03-29
1744,37,4,2026-03-29
1745,21,4,2026-03-29
1746,27,4,2026-03-29
1747,38,4,2026-03-29
1748,13,4,2026-03-29
1749,7,4,2026-03-29
1750,11,4,2026-03-29
1751,17,4,2026-03-29
1752,32,4,2026-03-29
1753,11,4,2026-03-29
1754,28,4,2026-03-29
1755,23,4,2026-03-29
1756,20,4,2026-03-29
1757,14,4,2026-03-29
1758,9,4,2026-03-29
1759,24,4,2026-03-29
1760,26,4,2026-03-29
1761,28,4,2026-03-29
1762,37,4,2026-03-29
1763,20,4,2026-03-29
1764,27,4,2026-03-29
1765,30,4,2026-03-29
1766,26,4,2026-03-29
1767,8,4,2026-03-29
1768,26,4,2026-03-29
1769,25,4,2026-03-29
1770,35,4,2026-03-29
1771,37,4,2026-03-29
1772,28,4,2026-03-29
1773,20,4,2026-03-29
1774,20,4,2026-03-29
1775,27,4,2026-03-29
1776,14,4,2026-03-29
1777,13,4,2026-03-29
1778,18,4,2026-03-29
1779,5,4,2026-03-29
1780,34,4,2026-03-29
1781,33,2,2026-03-29
1782,33,2,2026-03-29
1783,18,1,2026-03-29
1784,17,2,2026-03-29
1785,54,2,2026-03-29
1786,24,2,2026-03-29
1787,12,1,2026-03-29
1788,45,1,2026-03-29
1789,45,1,2026-03-29
1790,27,2,2026-03-29
1791,37,2,2026-03-29
1792,57,2,2026-03-29
1793,54,1,2026-03-29
1794,61,2,2026-03-29
1795,28,1,2026-03-29
1796,25,2,2026-03-29
1797,42,1,2026-03-29
1798,56,1,2026-03-29
1799,48,2,2026-03-29
1800,23,1,2026-03-29
1801,21,1,2026-03-29
1802,0,2,2026-03-29
1803,65,2,2026-03-29
1804,63,1,2026-03-29
1805,20,1,2026-03-29
1806,54,1,2026-03-29
1807,16,1,2026-03-29
1808,13,1,2026-03-29
1809,59,2,2026-03-29
1810,54,1,2026-03-29
1811,8,1,2026-03-29
1812,25,1,2026-03-29
1813,48,2,2026-03-29
1814,9,1,2026-03-29
1815,28,2,2026-03-29
1816,63,1,2026-03-29
1817,49,2,2026-03-29
1818,33,2,2026-03-29
1819,19,1,2026-03-29
1820,63,2,2026-03-29
1821,7,4,2026-03-29
1822,10,4,2026-03-29
1823,26,4,2026-03-29
1824,36,4,2026-03-29
1825,30,4,2026-03-29
1826,21,4,2026-03-29
1827,34,4,2026-03-29
1828,5,4,2026-03-29
1829,6,4,2026-03-29
1830,25,4,2026-03-29
1831,25,4,2026-03-29
1832,8,4,2026-03-29
1833,31,4,2026-03-29
1834,26,4,2026-03-29
1835,15,4,2026-03-29
1836,10,4,2026-03-29
1837,6,4,2026-03-29
1838,14,4,2026-03-29
1839,18,4,2026-03-29
1840,14,4,2026-03-29
1841,41,1,2026-03-29
1842,30,2,2026-03-29
1843,35,2,2026-03-29
1844,42,1,2026-03-29
1845,50,2,2026-03-29
1846,22,2,2026-03-29
1847,60,2,2026-03-29
1848,56,1,2026-03-29
1849,57,2,2026-03-29
1850,49,2,2026-03-29
1851,43,2,2026-03-29
1852,31,2,2026-03-29
1853,16,2,2026-03-29
1854,8,2,2026-03-29
1855,14,2,2026-03-29
1856,17,1,2026-03-29
1857,33,1,2026-03-29
1858,9,1,2026-03-29
1859,15,1,2026-03-29
1860,42,1,2026-03-29
1861,43,1,2026-03-29
1862,24,2,2026-03-29
1863,0,1,2026-03-29
1864,63,1,2026-03-29
1865,41,1,2026-03-29
1866,30,1,2026-03-29
1867,36,2,2026-03-29
1868,21,2,2026-03-29
1869,65,2,2026-03-29
1870,37,1,2026-03-29
1871,28,1,2026-03-29
1872,14,1,2026-03-29
1873,12,2,2026-03-29
1874,51,2,2026-03-29
1875,11,1,2026-03-29
1876,44,2,2026-03-29
1877,34,2,2026-03-29
1878,50,1,2026-03-29
1879,9,2,2026-03-29
1880,9,2,2026-03-29
1881,53,2,2026-03-29
1882,23,1,2026-03-29
1883,30,1,2026-03-29
1884,28,2,2026-03-29
1885,49,2,2026-03-29
1886,27,2,2026-03-29
1887,21,1,2026-03-29
1888,38,2,2026-03-29
1889,56,1,2026-03-29
1890,60,2,2026-03-29
1891,26,1,2026-03-29
1892,29,1,2026-03-29
1893,39,1,2026-03-29
1894,18,2,2026-03-29
1895,51,2,2026-03-29
1896,21,1,2026-03-29
1897,64,1,2026-03-29
1898,62,2,2026-03-29
1899,10,2,2026-03-29
1900,19,2,2026-03-29
1901,63,1,2026-03-29
1902,27,1,2026-03-29
1903,59,1,2026-03-29
1904,17,1,2026-03-29
1905,16,2,2026-03-29
1906,17,2,2026-03-29
1907,14,1,2026-03-29
1908,37,2,2026-03-29
1909,13,2,2026-03-29
1910,29,2,2026-03-29
1911,64,2,2026-03-29
1912,65,1,2026-03-29
1913,45,1,2026-03-29
1914,20,1,2026-03-29
1915,10,1,2026-03-29
1916,40,1,2026-03-29
1917,44,2,2026-03-29
1918,52,1,2026-03-29
1919,54,1,2026-03-29
1920,11,2,2026-03-29
1921,9,4,2026-03-29
1922,12,4,2026-03-29
1923,12,4,2026-03-29
1924,36,4,2026-03-29
1925,13,4,2026-03-29
1926,38,4,2026-03-29
1927,32,4,2026-03-29
1928,5,4,2026-03-29
1929,16,4,2026-03-29
1930,19,4,2026-03-29
1931,14,4,2026-03-29
1932,37,4,2026-03-29
1933,12,4,2026-03-29
1934,38,4,2026-03-29
1935,27,4,2026-03-29
1936,36,4,2026-03-29
1937,9,4,2026-03-29
1938,27,4,2026-03-29
1939,18,4,2026-03-29
1940,19,4,2026-03-29
1941,9,4,2026-03-29
1942,22,4,2026-03-29
1943,16,4,2026-03-29
1944,5,4,2026-03-29
1945,21,4,2026-03-29
1946,22,4,2026-03-29
1947,9,4,2026-03-29
1948,7,4,2026-03-29
1949,17,4,2026-03-29
1950,37,4,2026-03-29
1951,8,4,2026-03-29
1952,31,4,2026-03-29
1953,28,4,2026-03-29
1954,22,4,2026-03-29
1955,5,4,2026-03-29
1956,25,4,2026-03-29
1957,7,4,2026-03-29
1958,34,4,2026-03-29
1959,23,4,2026-03-29
1960,26,4,2026-03-29
1961,31,4,2026-03-29
1962,22,4,2026-03-29
1963,30,4,2026-03-29
1964,32,4,2026-03-29
1965,25,4,2026-03-29
1966,31,4,2026-03-29
1967,29,4,2026-03-29
1968,14,4,2026-03-29
1969,29,4,2026-03-29
1970,29,4,2026-03-29
1971,31,4,2026-03-29
1972,14,4,2026-03-29
1973,5,4,2026-03-29
1974,20,4,2026-03-29
1975,37,4,2026-03-29
1976,21,4,2026-03-29
1977,29,4,2026-03-29
1978,20,4,2026-03-29
1979,17,4,2026-03-29
1980,12,4,2026-03-29
1981,0,4,2026-03-29
1982,8,4,2026-03-29
1983,30,4,2026-03-29
1984,25,4,2026-03-29
1985,33,4,2026-03-29
1986,25,4,2026-03-29
1987,34,4,2026-03-29
1988,5,4,2026-03-29
1989,35,4,2026-03-29
1990,35,4,2026-03-29
1991,37,4,2026-03-29
1992,26,4,2026-03-29
1993,29,4,2026-03-29
1994,20,4,2026-03-29
1995,29,4,2026-03-29
1996,27,4,2026-03-29
1997,9,4,2026-03-29
1998,30,4,2026-03-29
1999,38,4,2026-03-29
2000,22,4,2026-03-29
2001,25,4,2026-03-29
2002,9,4,2026-03-29
2003,19,4,2026-03-29
2004,21,4,2026-03-29
2005,21,4,2026-03-29
2006,35,4,2026-03-29
2007,27,4,2026-03-29
2008,38,4,2026-03-29
2009,35,4,2026-03-29
2010,19,4,2026-03-29
2011,14,4,2026-03-29
2012,9,4,2026-03-29
2013,38,4,2026-03-29
2014,28,4,2026-03-29
2015,38,4,2026-03-29
2016,18,4,2026-03-29
2017,38,4,2026-03-29
2018,15,4,2026-03-29
2019,28,4,2026-03-29
2020,20,4,2026-03-29
2021,51,1,2026-03-29
2022,17,2,2026-03-29
2023,19,1,2026-03-29
2024,28,2,2026-03-29
2025,31,2,2026-03-29
2026,15,2,2026-03-29
2027,17,2,2026-03-29
2028,32,1,2026-03-29
2029,31,2,2026-03-29
2030,50,2,2026-03-29
2031,36,1,2026-03-29
2032,25,2,2026-03-29
2033,26,2,2026-03-29
2034,52,1,2026-03-29
2035,36,2,2026-03-29
2036,54,1,2026-03-29
2037,56,1,2026-03-29
2038,8,1,2026-03-29
2039,31,2,2026-03-29
2040,41,1,2026-03-29
2041,47,2,2026-03-29
2042,1,2,2026-03-29
2043,24,1,2026-03-29
2044,43,1,2026-03-29
2045,8,2,2026-03-29
2046,11,1,2026-03-29
2047,27,2,2026-03-29
2048,28,2,2026-03-29
2049,23,2,2026-03-29
2050,61,2,2026-03-29
2051,13,2,2026-03-29
2052,62,1,2026-03-29
2053,20,1,2026-03-29
2054,35,2,2026-03-29
2055,47,2,2026-03-29
2056,10,2,2026-03-29
2057,32,2,2026-03-29
2058,10,2,2026-03-29
2059,34,2,2026-03-29
2060,49,2,2026-03-29
2061,27,4,2026-03-29
2062,20,4,2026-03-29
2063,29,4,2026-03-29
2064,13,4,2026-03-29
2065,17,4,2026-03-29
2066,28,4,2026-03-29
2067,9,4,2026-03-29
2068,18,4,2026-03-29
2069,26,4,2026-03-29
2070,9,4,2026-03-29
2071,10,4,2026-03-29
2072,33,4,2026-03-29
2073,29,4,2026-03-29
2074,30,4,2026-03-29
2075,38,4,2026-03-29
2076,31,4,2026-03-29
2077,36,4,2026-03-29
2078,6,4,2026-03-29
2079,11,4,2026-03-29
2080,34,4,2026-03-29
2081,37,2,2026-03-29
2082,34,2,2026-03-29
2083,19,1,2026-03-29
2084,36,2,2026-03-29
2085,39,1,2026-03-29
2086,40,1,2026-03-29
2087,50,1,2026-03-29
2088,55,1,2026-03-29
2089,33,1,2026-03-29
2090,51,2,2026-03-29
2091,43,2,2026-03-29
2092,57,2,2026-03-29
2093,57,2,2026-03-29
2094,15,1,2026-03-29
2095,22,1,2026-03-29
2096,44,1,2026-03-29
2097,14,2,2026-03-29
2098,13,1,2026-03-29
2099,44,2,2026-03-29
2100,11,1,2026-03-29
2101,53,2,2026-03-29
2102,38,1,2026-03-29
2103,0,2,2026-03-29
2104,34,1,2026-03-29
2105,63,1,2026-03-29
2106,28,2,2026-03-29
2107,20,1,2026-03-29
2108,19,2,2026-03-29
2109,41,2,2026-03-29
2110,13,2,2026-03-29
2111,32,2,2026-03-29
2112,50,2,2026-03-29
2113,43,2,2026-03-29
2114,40,2,2026-03-29
2115,51,1,2026-03-29
2116,27,2,2026-03-29
2117,23,2,2026-03-29
2118,59,2,2026-03-29
2119,62,2,2026-03-29
2120,27,1,2026-03-29
2121,16,1,2026-03-29
2122,21,2,2026-03-29
2123,37,2,2026-03-29
2124,53,1,2026-03-29
2125,31,2,2026-03-29
2126,20,2,2026-03-29
2127,53,1,2026-03-29
2128,54,2,2026-03-29
2129,8,1,2026-03-29
2130,34,2,2026-03-29
2131,10,2,2026-03-29
2132,22,2,2026-03-29
2133,26,1,2026-03-29
2134,53,1,2026-03-29
2135,59,2,2026-03-29
2136,33,2,2026-03-29
2137,21,1,2026-03-29
2138,11,1,2026-03-29
2139,35,1,2026-03-29
2140,11,1,2026-03-29
2141,63,1,2026-03-29
2142,60,2,2026-03-29
2143,19,1,2026-03-29
2144,54,1,2026-03-29
2145,39,1,2026-03-29
2146,51,2,2026-03-29
2147,59,1,2026-03-29
2148,42,1,2026-03-29
2149,17,1,2026-03-29
2150,41,1,2026-03-29
2151,37,1,2026-03-29
2152,20,1,2026-03-29
2153,11,2,2026-03-29
2154,22,2,2026-03-29
2155,53,2,2026-03-29
2156,51,2,2026-03-29
2157,17,1,2026-03-29
2158,52,1,2026-03-29
2159,10,1,2026-03-29
2160,61,2,2026-03-29
2161,23,4,2026-03-29
2162,19,4,2026-03-29
2163,25,4,2026-03-29
2164,14,4,2026-03-29
2165,24,4,2026-03-29
2166,21,4,2026-03-29
2167,25,4,2026-03-29
2168,18,4,2026-03-29
2169,14,4,2026-03-29
2170,19,4,2026-03-29
2171,30,4,2026-03-29
2172,7,4,2026-03-29
2173,25,4,2026-03-29
2174,29,4,2026-03-29
2175,14,4,2026-03-29
2176,23,4,2026-03-29
2177,19,4,2026-03-29
2178,10,4,2026-03-29
2179,17,4,2026-03-29
2180,34,4,2026-03-29
2181,14,4,2026-03-29
2182,16,4,2026-03-29
2183,32,4,2026-03-29
2184,26,4,2026-03-29
2185,30,4,2026-03-29
2186,12,4,2026-03-29
2187,7,4,2026-03-29
2188,27,4,2026-03-29
2189,12,4,2026-03-29
2190,18,4,2026-03-29
2191,38,4,2026-03-29
2192,38,4,2026-03-29
2193,9,4,2026-03-29
2194,23,4,2026-03-29
2195,36,4,2026-03-29
2196,27,4,2026-03-29
2197,6,4,2026-03-29
2198,36,4,2026-03-29
2199,10,4,2026-03-29
2200,17,4,2026-03-29
2201,36,4,2026-03-29
2202,22,4,2026-03-29
2203,24,4,2026-03-29
2204,10,4,2026-03-29
2205,17,4,2026-03-29
2206,13,4,2026-03-29
2207,35,4,2026-03-29
2208,22,4,2026-03-29
2209,19,4,2026-03-29
2210,24,4,2026-03-29
2211,7,4,2026-03-29
2212,11,4,2026-03-29
2213,5,4,2026-03-29
2214,27,4,2026-03-29
2215,17,4,2026-03-29
2216,14,4,2026-03-29
2217,24,4,2026-03-29
2218,8,4,2026-03-29
2219,16,4,2026-03-29
2220,26,4,2026-03-29
2221,3,4,2026-03-29
2222,35,4,2026-03-29
2223,20,4,2026-03-29
2224,26,4,2026-03-29
2225,28,4,2026-03-29
2226,16,4,2026-03-29
2227,12,4,2026-03-29
2228,24,4,2026-03-29
2229,9,4,2026-03-29
2230,34,4,2026-03-29
2231,11,4,2026-03-29
2232,12,4,2026-03-29
2233,15,4,2026-03-29
2234,30,4,2026-03-29
2235,34,4,2026-03-29
2236,7,4,2026-03-29
2237,7,4,2026-03-29
2238,7,4,2026-03-29
2239,37,4,2026-03-29
2240,11,4,2026-03-29
2241,31,4,2026-03-29
2242,13,4,2026-03-29
2243,31,4,2026-03-29
2244,27,4,2026-03-29
2245,9,4,2026-03-29
2246,28,4,2026-03-29
2247,15,4,2026-03-29
2248,28,4,2026-03-29
2249,15,4,2026-03-29
2250,10,4,2026-03-29
2251,26,4,2026-03-29
2252,5,4,2026-03-29
2253,35,4,2026-03-29
2254,24,4,2026-03-29
2255,14,4,2026-03-29
2256,21,4,2026-03-29
2257,11,4,2026-03-29
2258,11,4,2026-03-29
2259,20,4,2026-03-29
2260,12,4,2026-03-29
2261,17,2,2026-03-29
2262,25,1,2026-03-29
2263,28,2,2026-03-29
2264,23,1,2026-03-29
2265,44,1,2026-03-29
2266,40,2,2026-03-29
2267,31,1,2026-03-29
2268,26,2,2026-03-29
2269,43,1,2026-03-29
2270,16,1,2026-03-29
2271,54,1,2026-03-29
2272,64,1,2026-03-29
2273,8,1,2026-03-29
2274,11,2,2026-03-29
2275,58,1,2026-03-29
2276,52,1,2026-03-29
2277,13,1,2026-03-29
2278,17,2,2026-03-29
2279,9,2,2026-03-29
2280,33,1,2026-03-29
2281,26,1,2026-03-29
2282,0,1,2026-03-29
2283,23,1,2026-03-29
2284,60,1,2026-03-29
2285,12,2,2026-03-29
2286,14,1,2026-03-29
2287,21,1,2026-03-29
2288,60,2,2026-03-29
2289,29,1,2026-03-29
2290,59,2,2026-03-29
2291,45,1,2026-03-29
2292,8,2,2026-03-29
2293,34,2,2026-03-29
2294,10,1,2026-03-29
2295,58,1,2026-03-29
2296,17,1,2026-03-29
2297,17,2,2026-03-29
2298,57,1,2026-03-29
2299,21,1,2026-03-29
2300,22,2,2026-03-29
2301,9,4,2026-03-29
2302,5,4,2026-03-29
2303,35,4,2026-03-29
2304,7,4,2026-03-29
2305,36,4,2026-03-29
2306,38,4,2026-03-29
2307,26,4,2026-03-29
2308,9,4,2026-03-29
2309,9,4,2026-03-29
2310,17,4,2026-03-29
2311,8,4,2026-03-29
2312,28,4,2026-03-29
2313,31,4,2026-03-29
2314,10,4,2026-03-29
2315,27,4,2026-03-29
2316,15,4,2026-03-29
2317,36,4,2026-03-29
2318,36,4,2026-03-29
2319,13,4,2026-03-29
2320,21,4,2026-03-29
2321,61,2,2026-03-29
2322,65,1,2026-03-29
2323,55,2,2026-03-29
2324,61,1,2026-03-29
2325,35,2,2026-03-29
2326,60,2,2026-03-29
2327,55,1,2026-03-29
2328,12,2,2026-03-29
2329,56,1,2026-03-29
2330,23,1,2026-03-29
2331,45,2,2026-03-29
2332,43,1,2026-03-29
2333,64,2,2026-03-29
2334,44,1,2026-03-29
2335,33,2,2026-03-29
2336,58,2,2026-03-29
2337,60,2,2026-03-29
2338,33,1,2026-03-29
2339,22,2,2026-03-29
2340,50,2,2026-03-29
2341,58,2,2026-03-29
2342,8,2,2026-03-29
2343,0,1,2026-03-29
2344,64,2,2026-03-29
2345,34,2,2026-03-29
2346,46,2,2026-03-29
2347,37,1,2026-03-29
2348,29,1,2026-03-29
2349,13,2,2026-03-29
2350,33,2,2026-03-29
2351,47,1,2026-03-29
2352,26,2,2026-03-29
2353,13,2,2026-03-29
2354,19,2,2026-03-29
2355,34,1,2026-03-29
2356,15,1,2026-03-29
2357,51,1,2026-03-29
2358,32,1,2026-03-29
2359,32,2,2026-03-29
2360,29,1,2026-03-29
2361,31,1,2026-03-29
2362,22,2,2026-03-29
2363,64,2,2026-03-29
2364,27,2,2026-03-29
2365,28,1,2026-03-29
2366,62,1,2026-03-29
2367,33,1,2026-03-29
2368,8,1,2026-03-29
2369,14,1,2026-03-29
2370,37,2,2026-03-29
2371,55,2,2026-03-29
2372,51,1,2026-03-29
2373,43,2,2026-03-29
2374,16,2,2026-03-29
2375,50,2,2026-03-29
2376,12,2,2026-03-29
2377,36,2,2026-03-29
2378,26,2,2026-03-29
2379,27,2,2026-03-29
2380,41,1,2026-03-29
2381,49,2,2026-03-29
2382,39,2,2026-03-29
2383,52,1,2026-03-29
2384,11,1,2026-03-29
2385,43,2,2026-03-29
2386,36,2,2026-03-29
2387,56,1,2026-03-29
2388,54,2,2026-03-29
2389,10,2,2026-03-29
2390,38,1,2026-03-29
2391,8,2,2026-03-29
2392,17,1,2026-03-29
2393,45,1,2026-03-29
2394,33,1,2026-03-29
2395,55,2,2026-03-29
2396,48,1,2026-03-29
2397,26,1,2026-03-29
2398,34,2,2026-03-29
2399,49,1,2026-03-29
2400,59,2,2026-03-29
